id;title_photo;description_photo;url_photo
1;ADP Mountain Metal;user-facing harness haptic;Chief Direct Security
2;Sleek;Steel Zloty;Borders
3;Security Mouse;Square 1080p;Toys
4;bypassing Architect;Assurance Savings Account;generate Research
5;Gorgeous Hat Brand;Credit Card Account azure Central;users olive
6;Fish;Games virtual;Health
7;payment;Money Market Account;Avon user-centric
8;Tuna;West Virginia Liaison middleware;Direct Swaziland Alabama
9;Fantastic Steel Fish;Hollow violet;access panel
10;action-items Metal;Concrete;Poland Concrete Analyst
